ingredient,milk,egg,fish,crustacean_shellfish,tree_nuts,peanuts,wheat,soy,sesame,may_contain,spec_source,spec_date
Chicken thigh boneless skinless,N,N,N,N,N,N,N,N,N,,Lone Prairie spec LP-10442,2026-03-01
Jasmine rice,N,N,N,N,N,N,N,N,N,,Lone Prairie spec LP-20118,2026-01-15
Avocado Hass 48ct,N,N,N,N,N,N,N,N,N,,produce - single ingredient,2026-01-15
Bowl + lid 32oz kraft,N,N,N,N,N,N,N,N,N,,packaging,2026-01-15
Flank steak choice,N,N,N,N,N,N,N,N,N,,Lone Prairie spec LP-10518,2026-02-10
Kimchi napa,N,N,Y,Y,N,N,N,N,N,,Eastside spec EA-551 (fish sauce + salted shrimp),2026-04-02
Tofu extra firm,N,N,N,N,N,N,N,Y,N,,Eastside spec EA-210,2026-04-02
Edamame shelled frozen,N,N,N,N,N,N,N,Y,N,,Lone Prairie spec LP-40220,2026-02-10
Salmon fillet skin-on,N,N,Y,N,N,N,N,N,N,,Harbor Line spec HL-0091,2026-05-20
Broccoli crowns,N,N,N,N,N,N,N,N,N,,produce - single ingredient,2026-01-15
Butter unsalted,Y,N,N,N,N,N,N,N,N,,Lone Prairie spec LP-50012,2026-01-15
Lemons 100ct,N,N,N,N,N,N,N,N,N,,produce - single ingredient,2026-01-15
White miso,N,N,N,N,N,N,N,Y,N,,Eastside spec EA-118,2026-04-02
Chicken tenders breaded IQF,Y,Y,N,N,N,N,Y,Y,N,sesame,Lone Prairie spec LP-10777,2026-02-10
French fries 3/8 cut,N,N,N,N,N,N,N,N,N,,Lone Prairie spec LP-40101 (shared fryer not covered by spec),2026-02-10
Apple slices 2oz bag,N,N,N,N,N,N,N,N,N,,Lone Prairie spec LP-30777,2026-02-10
Ketchup portion cup,N,N,N,N,N,N,N,N,N,,Lone Prairie spec LP-60031,2026-02-10
Soy sauce,N,N,N,N,N,N,Y,Y,N,,Eastside spec EA-101,2026-04-02
Rice vinegar,N,N,N,N,N,N,N,N,N,,Eastside spec EA-140,2026-04-02
Sesame oil toasted,N,N,N,N,N,N,N,N,Y,,Eastside spec EA-160,2026-04-02
Brown sugar,N,N,N,N,N,N,N,N,N,,Lone Prairie spec LP-70014,2026-01-15
