day,role,start,end,headcount
Mon,cook,09:00,15:00,2
Mon,cook,15:00,21:30,1
Mon,cashier,10:30,15:30,1
Mon,cashier,15:30,21:00,1
Mon,dish,11:00,19:00,1
Mon,runner,16:00,19:00,1
Tue,cook,09:00,15:00,2
Tue,cook,15:00,21:30,1
Tue,cashier,10:30,15:30,1
Tue,cashier,15:30,21:00,1
Tue,dish,11:00,19:00,1
Tue,runner,16:00,19:00,1
Wed,cook,09:00,15:00,2
Wed,cook,15:00,21:30,1
Wed,cashier,10:30,15:30,1
Wed,cashier,15:30,21:00,1
Wed,dish,11:00,19:00,1
Wed,runner,16:00,19:00,1
Thu,cook,09:00,15:00,2
Thu,cook,15:00,21:30,1
Thu,cashier,10:30,15:30,1
Thu,cashier,15:30,21:00,1
Thu,dish,11:00,19:00,1
Thu,runner,16:00,19:00,1
Fri,cook,09:00,15:00,2
Fri,cook,15:00,21:30,2
Fri,cashier,10:30,15:30,1
Fri,cashier,15:30,21:00,1
Fri,dish,11:00,19:00,1
Fri,dish,17:00,21:30,1
Fri,runner,16:00,19:00,1
Sat,cook,09:00,15:00,2
Sat,cook,15:00,21:30,2
Sat,cashier,10:30,15:30,1
Sat,cashier,15:30,21:00,1
Sat,dish,11:00,19:00,1
Sat,dish,17:00,21:30,1
Sat,runner,11:00,19:00,1
Sun,cook,09:00,15:00,2
Sun,cook,15:00,21:00,1
Sun,cashier,10:30,15:30,1
Sun,cashier,15:30,20:30,1
Sun,dish,11:00,19:00,1
Sun,runner,11:00,17:00,1
