ingredient,vendor,item_code,pack_size,pack_unit,pack_price,yield_pct,density_g_per_ml,notes
Chicken thigh boneless skinless,Lone Prairie Foodservice,LP-10442,40,lb,$98.00,80,,trim + cook loss
Jasmine rice,Lone Prairie Foodservice,LP-20118,50,lb,$42.00,100,,cost on dry weight
Avocado Hass 48ct,Lone Prairie Foodservice,LP-30051,48,ea,$52.80,100,,
Bowl + lid 32oz kraft,Lone Prairie Foodservice,LP-90077,300,ea,$45.00,100,,
Flank steak choice,Lone Prairie Foodservice,LP-10518,15,lb,$132.00,88,,
Kimchi napa,Eastside Asian Grocery,EA-551,10,lb,$22.60,100,,
Tofu extra firm,Eastside Asian Grocery,EA-210,30,lb,$48.00,100,,
Edamame shelled frozen,Lone Prairie Foodservice,LP-40220,20,lb,$34.40,100,,

Salmon fillet skin-on,Harbor Line Seafood,HL-0091,10,lb,$135.00,90,,pin bone + skin
Broccoli crowns,Lone Prairie Foodservice,LP-30210,20,LB,$36.00,75,,stem trim
Butter unsalted,Lone Prairie Foodservice,LP-50012,36,lb,"$108.00",100,,
Lemons 100ct,Lone Prairie Foodservice,LP-30307,100,ea,$31.00,100,,
White miso,Eastside Asian Grocery,EA-118,1,kg,$10.75,100,,
Chicken tenders breaded IQF,Lone Prairie Foodservice,LP-10777,10,lb,$40.00,100,,
French fries 3/8 cut,Lone Prairie Foodservice,LP-40101,30,lb,$54.00,100,,
Apple slices 2oz bag,Lone Prairie Foodservice,LP-30777,200,ea,$90.00,100,,
Ketchup portion cup,Lone Prairie Foodservice,LP-60031,1000,ea,$50.00,100,,
Gochujang,Eastside Asian Grocery,EA-302,6,lb,$27.00,100,,
Soy sauce,Eastside Asian Grocery,EA-101,1,gal,$16.00,100,,
Rice vinegar,Eastside Asian Grocery,EA-140,1,gal,$12.80,100,,
Sesame oil toasted,Eastside Asian Grocery,EA-160,1,qt,$12.80,100,,
Brown sugar,Lone Prairie Foodservice,LP-70014,25,lb,$65.00,100,,
