recipe,menu_price,batch_yield_qty,batch_yield_unit,component,qty,unit,notes
House sauce,,64,fl oz,Gochujang,1,lb,sub-recipe; batch yield measured by chef
House sauce,,64,fl oz,Soy sauce,24,fl oz,
House sauce,,64,fl oz,Rice vinegar,16,fl oz,
House sauce,,64,fl oz,Sesame oil toasted,4,fl oz,
House sauce,,64,fl oz,Brown sugar,0.5,lb,
Chicken Bowl,12.00,1,ea,Chicken thigh boneless skinless,6,oz,EP weight (cooked/trimmed)
Chicken Bowl,12.00,1,ea,Jasmine rice,0.25,lb,
Chicken Bowl,12.00,1,ea,House sauce,2,fl oz,
Chicken Bowl,12.00,1,ea,Avocado Hass 48ct,0.5,ea,
Chicken Bowl,12.00,1,ea,Bowl + lid 32oz kraft,1,ea,
Steak Bowl,16.00,1,ea,Flank steak choice,6,oz,
Steak Bowl,16.00,1,ea,Jasmine rice,0.25,lb,
Steak Bowl,16.00,1,ea,House sauce,2,fl oz,
Steak Bowl,16.00,1,ea,Avocado Hass 48ct,0.5,ea,
Steak Bowl,16.00,1,ea,Kimchi napa,4,oz,
Steak Bowl,16.00,1,ea,Bowl + lid 32oz kraft,1,ea,
Veggie Bowl,13.50,1,ea,Tofu extra firm,6,oz,
Veggie Bowl,13.50,1,ea,Edamame shelled frozen,2,oz,
Veggie Bowl,13.50,1,ea,Jasmine rice,0.25,lb,
Veggie Bowl,13.50,1,ea,House sauce,2,fl oz,
Veggie Bowl,13.50,1,ea,Avocado Hass 48ct,0.5,ea,
Veggie Bowl,13.50,1,ea,Bowl + lid 32oz kraft,1,ea,
Salmon Plate,19.00,1,ea,Salmon fillet skin-on,6,oz,
Salmon Plate,19.00,1,ea,Jasmine rice,0.25,lb,
Salmon Plate,19.00,1,ea,Broccoli crowns,4,oz,
Salmon Plate,19.00,1,ea,Butter unsalted,1,oz,
Salmon Plate,19.00,1,ea,Lemons 100ct,0.5,ea,
Salmon Plate,19.00,1,ea,White miso,30,g,
Kids Plate,7.00,1,ea,Chicken tenders breaded IQF,5,oz,
Kids Plate,7.00,1,ea,French fries 3/8 cut,4,oz,
Kids Plate,7.00,1,ea,Apple slices 2oz bag,1,ea,
Kids Plate,7.00,1,ea,Ketchup portion cup,1,ea,
